title,个人评分,date,review,year,制片国家,条目链接,images
泳池边的奥利韦里奥 / Oliverio y la Piscina,4,2024/6/7,平淡如水的一部电影，关于如何与自己和解，无非是包容（保姆线）与爱，最后与小女友穿梭在大街上，emm…很美好很纯粹,2022/4/24,WorldFest Houston,https://movie.douban.com/subject/35738399/,oliverio.webp
美丽心灵 / A Beautiful Mind,1,2024/6/7,贫瘠的传记故事和烂俗的成人爱情,2001/12/13,加州首映,https://movie.douban.com/subject/1306029/,
六指琴魔,5,2023/8/20,"CCTV6, 这种经典电影感觉被严重低估了",1994/1/8,中国香港,https://movie.douban.com/subject/1300265/,six-finger.webp
龙虎盟 / El Dorado,3,2023/8/20,"CCTV6, 最后以为是双方高举职业道德进行决斗，没想到居然还是偷袭，太没职业道德了",1966/12/17,日本,https://movie.douban.com/subject/1296662/,El-Dorado.webp
铁面无私 / The Untouchables,4,2023/8/20,CCTV6，不错,1987/6/2,纽约首映,https://movie.douban.com/subject/1292532/,the-untouchables.webp
"是，大臣 1984圣诞特辑 / Yes, Minister: Party Games",5,2023/4/17,"Minister最后等电话的那一段简直梦回开头，Haker误以为Humphrey不久于世而非调走的那一段简直令人唏嘘，只能说Art is perpetual, 即使三人最后相聚于天国，也给观众留下了永恒的回忆",,,https://movie.douban.com/subject/26725031/,YM.webp
网络谜踪2 / Missing,5,2023/3/16,虽然逻辑上有bug，但观感是真的好,2023/1/20,美国,https://movie.douban.com/subject/34795100/,missing.webp
黑鹰坠落 / Black Hawk Down,3,2023/3/1,,2001/12/18,美国,https://movie.douban.com/subject/1291824/,black-hawk-down.webp
刺杀 / Assassins,4,2023/3/1,,2020/1/26,圣丹斯电影节,https://movie.douban.com/subject/34907416/,Assassins.webp
第五共和国 / 제5공화국,5,2023/3/1,,,,https://movie.douban.com/subject/3240806/,fifth-republic.webp
阿凡达 / Avatar,3,2023/3/1,,2009/12/18,美国,https://movie.douban.com/subject/1652587/,Avatar.webp
互联网之子 / The Internet's Own Boy: The Story of Aaron Swartz,5,2023/1/26,"自你走后，后继者们揭竿而起，scihub, piratebay, zlib... 曾经唤醒了无数自由软件的领导者却被一本荒谬的法律折磨致死，或许他没有曼德拉、金大中等人的坚强内心，但Aaron Swartz的精神永存",2014/1/20,圣丹斯电影节,https://movie.douban.com/subject/25785114/,the-internet's-own-boy.webp
阿凡达：水之道 / Avatar: The Way of Water,3,2023/1/24,当我看到海洋领袖脸上的纹身时，我突然意识到这不就是毛利人吗？那原来的森林人是什么？想了一下最接近的是克里人。我突然意识到“水之道”这个名字的灵感是来源于哪里了，卡梅隆，请停止你的文化盗用行为,2022/12/14,中国香港/中国台湾,https://movie.douban.com/subject/4811774/,Avatar2.webp
Tinder诈骗王 / The Tinder Swindler,4,2022/7/17,伪造网站和照片这种东西在信息时代都是基操，甚至根本就花不了几个钱，总之骗局的存在无非基于人对现实生活的枯燥,2022/2/2,美国网络,https://movie.douban.com/subject/35732660/,tinder-swindler.webp
克拉克森的农场 第一季 / Clarkson's Farm Season 1,4,2022/7/16,"3.5, 整部剧非常peaceful，适合拿来消遣，虽然对这方面毫无兴趣，但依然震惊于现代机械化农业",2021/6/11,英国,https://movie.douban.com/subject/34839005/,clarkson's-farm.webp
沉静如海 / Le silence de la mer,4,2022/5/10,其实是一个非常简单的故事，而这份“简单”就是这部电影的最大特点，没有画面上的渲染和感情上的煽动，平凡的生活和沉默的抗议。一首巴赫，和一句再见，便是最后的告白…这是属于战争时期的无奈。但这样一部简单的电影，居然能拿到9以上的高分，属实是不合理,2004/10/25,法国,https://movie.douban.com/subject/1769507/,silence-as-sea.webp
谍影重重3 / The Bourne Ultimatum,4,2022/2/16,为何感觉此类电影都有着一股浓重的套路，或许因为我一口气连看三部的原因,2007/8/3,美国,https://movie.douban.com/subject/1578507/,Bourne3.webp
谍影重重2 / The Bourne Supremacy,3,2022/2/14,女主开场5分钟便惨遭盒饭，死因是与剧组合同到期（we all hate series movies ）,2004/7/15,洛杉矶首映,https://movie.douban.com/subject/1308767/,Bourne2.webp
谍影重重 / The Bourne Identity,5,2022/2/11,"Classic, 这种手持100本护照肆意横行于世界各国的法外狂徒才是真正的自由，只不过这样的自由我们只能在电影院看到罢了",2002/6/14,美国,https://movie.douban.com/subject/1304102/,Bourne1.webp
男孩自导日记 / Pojedeme k mori,5,2022/2/10,泪目，谁的青春不是夹杂着痛？虽然我们各有各的烦恼，只不过年少时的自己会相信“明天会更好”吧,2014/4/10,捷克,https://movie.douban.com/subject/26321083/,Pojedeme-k-mori.webp
英雄本色,4,2022/1/1,印象最深的是那首《明天会更好》，但毕竟隔了快40年，还是很难体会这部电影在当时的地位的,1986/8/2,中国香港,https://movie.douban.com/subject/1297574/,英雄本色.webp
勇敢的心 / Braveheart,5,2021/12/17,我的敌人是压迫，我的祖国是自由,1995/5/18,西雅图电影节,https://movie.douban.com/subject/1294639/,braveheart.webp
灵动：鬼影实录 / Paranormal Activity,3,2021/11/28,除了最后一个镜头略显恐怖之外，本片的最大亮点在于其成本仅为11000刀，却获得了千倍的票房收益，化用豆友的评论：“美国果然是一个创造廉价奇迹的地方”,2007/10/14,洛杉矶尖叫电影节,https://movie.douban.com/subject/3011550/,Paranormal-Activity.webp
大佛普拉斯,4,2021/10/16,如果人生有彩色，那一定是宾士车的颜色，这就是黑白片的魅力，也是小人物的魅力。我们望着同一片天空，却看向了不同的地方。对有些人来说，平安已经是人生的全部,2017/6/29,台北电影节,https://movie.douban.com/subject/27059130/,大佛普拉斯.webp
西部世界 第二季 / Westworld Season 2,2,2021/10/1,一季弃，这剧给《The Matrix》提鞋都不配,2018/4/22,美国,https://movie.douban.com/subject/26887174/,westworld2.webp
失控玩家 / Free Guy,3,2021/8/30,头号玩家+西部世界，头号玩家还行，西部世界就算了，其实题材尚可，只不过根本不喜欢这个世界观设定,2021/8/10,洛迦诺电影节,https://movie.douban.com/subject/30337388/,free-guy.webp
离别是美丽的 / Departure,,2021/8/14,离别美不美丽我不知道，但这部电影是真的把我给看睡着了,2015/10/9,伦敦电影节,https://movie.douban.com/subject/26331185/,departure.webp
恐怖直播 / 더 테러 라이브,5,2021/7/28,情理之中的结局，最后成功飞升,2013/7/31,韩国,https://movie.douban.com/subject/21360417/,p2016930906.webp
控方证人 / Witness for the Prosecution,5,2021/7/28,"REMARKABLE MASTERPIECE,找不出任何破绽的满分电影",1957/12/17,美国,https://movie.douban.com/subject/1296141/,witness-for-prosecution.webp
风骚律师 第一季 / Better Call Saul Season 1,5,2021/7/22,A very American film.努力便会成功是美国梦的内核.也许美国人会为了这一伟大的理想主义而放弃追逐法律是否绝对公正，正如Jimmy不惜耍弄小伎俩，仅仅为了自己也能活在大律所的光环下，但现实是残酷的，Jimmy与Chuck的反目也标志着美国梦的破灭，当美国梦破灭，剩下的便是黑色幽默、嬉皮士、摇滚乐、新浪潮…Chuck所标榜的法律的布道者纯属搞笑，律师向来就不是什么光鲜亮丽的职业，他们所做的一切不过是在巩固现有法律罢了，无论服务的是罪犯还是平民。Chuck所代表的是站在道德高地上脱离群众的精英们，而Jimmy则是典型的美国垮掉的一代.(1 有用),2015/2/8,美国,https://movie.douban.com/subject/25726259/,better-call-saul-s1.webp
人生七年2 / 7 Plus Seven,5,2021/7/13,看人生之七年，尝百年之孤独,1970/12/15,英国,https://movie.douban.com/subject/2123440/,14-up.webp
人生七年3 / 21 Up,5,2021/7/13,彼时的他们是如此的年轻，已经不敢往下看了…,1977/5/9,英国,https://movie.douban.com/subject/2283680/,21-up.webp
我是谁：没有绝对安全的系统 / Who Am I - Kein System ist sicher,3,2021/7/11,5分钟反转3次是真的无聊，不仅如此，剧情也变得扯淡了起来.还不如像《看不见的客人》一样多时空反转,2014/9/25,德国,https://movie.douban.com/subject/25932086/,who-am-I.webp
教宗的承继 / The Two Popes,4,2021/7/10,电影最后居然是14年世界杯决赛，当年通宵见证历史的我表示真的扎心…,2019/8/31,特柳赖德电影节,https://movie.douban.com/subject/27132510/,the-two-popes.webp
良医 第三季 / The Good Doctor Season 3,3,2021/7/9,这结局真的是…,2019/9/23,美国,https://movie.douban.com/subject/30454230/,the-good-doctor-s3.webp
半泽直树 / 半沢直樹,3,2021/7/6,充其量不就一部爽剧吗，角色刻画的那么脸谱化，也不知道为何还创下了收视记录，可能是日本民众都喜欢发泄自泡沫经济破碎后内心的不满吧,2013/7/7,日本,https://movie.douban.com/subject/24697949/,p2018085196.webp
芝加哥七君子审判 / The Trial of the Chicago 7,5,2021/7/3,,2020/9/25,美国,https://movie.douban.com/subject/2609258/,p2620161520.webp
阿尔法围棋 / AlphaGo,5,2021/7/1,围棋已死，AI永生,2017/4/21,翠贝卡电影节,https://movie.douban.com/subject/27012433/,p2515332442.webp
骇人来电 / Calls,4,2021/6/12,有几集全员智商下线真是拉低了分数，时间恐怖片真是Remarkable,2021/3/19,美国,https://movie.douban.com/subject/33390298/,p2634460351.webp
羞耻 第三季 / Skam Sesong 3,5,2021/5/3,一个拥抱，一记亲吻，一次相遇，一次别离，胜过千言万语，足以铭记一生。也许在另一个平行世界里我们从未相遇，也从未为谁做出过任何改变，但仅仅是在人群中多看了一眼，便足以让每次离别成为永远,2016/10/7,挪威,https://movie.douban.com/subject/26811832/,p2409046767.webp
冷战 / Zimna wojna,5,2021/3/23,冷战时期的爱情是如此的狗血，但竟又这般华美。铁幕之下的歌声，吟唱着时代的挽歌。华沙有着它的苟且，巴黎有着它的虚伪，无论是柏林还是波恩，哪里都容不下我们。爱情在两极间被撕扯，最终化为永恒。只不过这次，他们跨越了时间、空间、阶级、意识形态...这次是永远的离开，“那边的风景更好”,2018/5/10,戛纳电影节,https://movie.douban.com/subject/26894602/,p2526989708.webp
现实生活中的海盗湾 / TPB AFK: The Pirate Bay Away from Keyboard,4,2021/3/22,小时候他们总说正义终将战胜邪恶，长大以后才发现要是这世界真的那么简单就好了…引用一句高中同学的话：“如果光明终将驱散黑暗，那为什么在那么多的天体里，会发光的就只有寥寥无几的几颗恒星，背后是无尽的黑暗呢？”,2013/2/8,瑞典,https://movie.douban.com/subject/20513939/,p529908155.webp
翻译疑云 / Les Traducteurs,5,2021/3/16,好久没看到过如此感同身受的电影了，在这个字幕组连环爆雷的年代，看这种电影着实是一种享受，此片不仅有着对出版社和版权方的深刻见解，也对有关正版与盗版之间的哲学问题进行了讨论。而将其视为一部普通的悬疑电影，实在是一种低估(1 有用),2019/11/23,佛朗哥乌兹克电影节,https://movie.douban.com/subject/30145117/,p1881007681.webp
发条橙 / A Clockwork Orange,5,2021/3/8,社会本就建立在暴力和欲望的基础上，法律是暴力的准则，金钱是欲望的工具。也许性本身就是变态，亦可以是变态的美，你我是变态的产物，受困于时空和荒诞。Masterpiece(1 有用),1971/12/19,纽约首映,https://movie.douban.com/subject/1292233/,p2580137248.webp
隐秘的角落,4,2021/2/21,3.5（强行4星）机缘巧合/节奏拖沓/智商下线，此剧三个里面占了两，不开倍速没法看，剧情全靠巧合推，一步又一步划向深渊。而因审查等原因失去了原著中坏小孩的设定，实在是一大遗憾。结尾的一声枪响，四溅的鲜血模糊了善与恶的边界，我的世界多了一分黑暗，也多了一丝虚幻,2020/6/16,中国大陆,https://movie.douban.com/subject/33404425/,p2609064048.webp
痛苦与荣耀 / Dolor y gloria,5,2021/2/16,如果人生有颜色，应当是伊比利亚的红色，那是最鲜艳的颜色，也是最痛苦的颜色...“童年是让你能够忍受暮年的那股力量”——阿多尼斯,2019/3/13,马德里首映,https://movie.douban.com/subject/30198539/,p443403700.webp
你好，李焕英,4,2021/2/15,不知道是自己泪点提高了，还是电影看多了，最触动我的其实是这部电影背后的故事。说句实话，“李焕英”的现实意义根本就不需要浓墨重彩的喜剧渲染和悲剧衬托，甚至在失去之前都不知道其存在...春节档不给我看无脑喜剧片就已经谢天谢地了,2021/2/12,中国大陆,https://movie.douban.com/subject/34841067/,p443461390.webp
禁闭岛 / Shutter Island,4,2021/2/12,以后看电影还是降低期望值吧，可能是同类型的电影看多了，精分的结局并不符合我的心理预期，而且怎么看都是封闭式。但偏爱这种黑暗系LSD色彩,2010/2/13,柏林电影节,https://movie.douban.com/subject/2334904/,p443461818.webp
外星也难民 第一季 / Solar Opposites Season 1,5,2021/2/10,,2020/5/8,美国,https://movie.douban.com/subject/30312909/,p449399746.webp
奇迹 / 奇跡,5,2021/2/3,他是最终选择了世界，还是放下了心中的执念？还是说他终于意识到，世上无奇迹可言。但无论迷失，无论跌倒；无论害怕，无论麻木；无论现实的虚无缥缈，我只知道，有你的地方，必是天堂,2011/6/11,日本,https://movie.douban.com/subject/4832288/,p450262388.webp
饥饿站台 / El hoyo,4,2021/2/1,虽然我对人文社科实验嗤之以鼻，毕竟这类问题本身就不能用实验来论证，其大多数论据也都基于主观臆断的基础上，也不知道评论区到底在争些什么...但就隐喻和讽刺层面，个人觉得远超《寄生虫》。世界是一座巨大的牢笼，你我即是受害者，也是加害人,2019/9/6,多伦多电影节,https://movie.douban.com/subject/34805219/,p451926968.webp
招魂 / The Conjuring,3,2021/1/30,恐怖片看得不多，不知道这是不是传教片，要是我碰到这类事情，直接带一家人赖在教堂不回来了……,2013/6/8,马德里奇幻电影节,https://movie.douban.com/subject/3804629/,p453924541.webp
招魂2 / The Conjuring 2,4,2021/1/30,我不管，反正第二部比第一部好看,2016/6/10,美国,https://movie.douban.com/subject/24860563/,p455376387.webp
后翼弃兵 / The Queen's Gambit,4,2021/1/25,"哈利波特的表哥，《真爱至上》的Sangster,这剧看的是不能再出戏了…",2020/10/23,美国,https://movie.douban.com/subject/32579283/,p455472580.webp
心灵奇旅 / Soul,4,2021/1/18,就艺术和哲学方面近乎完美，遗憾的是它依旧无法撼动我的世界观。个人认为“只是活着”是一种至高的境界，我也想品尝每一份欢笑与泪水，凝视星星划过天空，去看四十四次日落...然而我没有这份经济基础。有些路是是自己想走的，有些路是必须要走的。“人生是一场旅行，在乎的不是目的地，而在于沿途的风景和看风景的心情。”,2020/10/11,伦敦电影节,https://movie.douban.com/subject/24733428/,p456703618.webp
我自己的爱达荷 / My Own Private Idaho,5,2021/1/10,"我是路的鉴赏家，一生品尝孤独的滋味。我不属于这片大地，只属于夜空中的群星。也许是我迷恋不羁的天空，亦或许是我没有家乡，忘记了家的模样。this road,never ends.",,,https://movie.douban.com/subject/1292792/,p457760035.webp
东京教父 / 東京ゴッドファーザーズ,4,2021/1/9,一个人最难做到的，就是原谅最真实的自己；要想获得救赎，必先承受痛苦；我一无所有，只能祝你幸福；圣诞快乐,2003/11/8,日本,https://movie.douban.com/subject/1310177/,p462657443.webp
五岁时，我杀了我自己 / Quand j'avais 5 ans je m'ai tué,5,2021/1/9,"可能是我的20年最佳。成长的代价是一场凄美的自杀。一面是成人世界的污蔑与揣测，一面是儿童世界的天真与美好，你是魔鬼中的天使，脆弱又自私...也许有一天，我会穿着宽大的长袍，来到你身旁。“妈妈告诉我/当我长大/我就会爱上一个人/也就意味着/要保护TA不受伤害...”FYI,童年时就那么文青,以后生活会很难过的...",1994/2/2,法国,https://movie.douban.com/subject/5446283/,p465939041.webp
海上钢琴师 / La leggenda del pianista sull'oceano,5,2020/11/3,#重评 他选择逃离，只因他无法改变；他选择毁灭，是对这世界的不屑。这份懦弱，是无可奈何的真实，也是超凡脱俗的不羁，“我的灵魂超脱于现实，而我的存在却如此真实”一部矛盾的电影拍了一个矛盾的人，做着矛盾的事，生活在这个把善良当弱点，把泪水当羞耻的矛盾的世界,1998/10/28,意大利,https://movie.douban.com/subject/1292001/,p475600770.webp
菊次郎的夏天 / 菊次郎の夏,4,2020/11/2,天使终究还是不会来的，夏天也有结束的时候，我们拥有的，不过是彼此，和转瞬即逝。(1 有用),1999/5/20,戛纳电影节,https://movie.douban.com/subject/1293359/,p477229647.webp
尼库拉斯之心 / The Nature of Nicholas,3,2020/10/27,#重评#三个月后从两星改为三星，那个深情的亲吻，如同心中的幽灵，究竟是坚守自我，一个人对抗全世界，还是被世界同化。“一切都结束了，这是成长的一部分”(1 有用),,,https://movie.douban.com/subject/2299274/,p478546260.webp
再见列宁 / Good Bye Lenin!,5,2020/10/20,这真的是我这辈子看过的最光怪陆离、最魔幻现实、最百年孤独的历史片。没有人能受困于时间。被历史的车轮无情碾过，歌颂着时代的挽歌。个人在废墟前堙灭，“我曾在太空中见证了这一切，最后变成了一个点。”就这样撒落了一地的尘埃，那些曾经拥有过的，都伴随着西风灰飞烟灭。,2003/2/9,柏林电影节,https://movie.douban.com/subject/1292055/,p479682972.webp
异次元骇客 / The Thirteenth Floor,4,2020/10/6,"我在故我思 我思故我在 不思不在 不在不思 思者不在 在者不思 思思在在 无穷尽矣 
存在先于本质，一个人存在究竟是为了什么？可能什么也不是，只是为了存在而存在。一个人的一生，不过是揭开一片又一片的虚无，在飘渺的世界里感受时间的流逝。",1999/5/28,美国,https://movie.douban.com/subject/1300282/,p480383375.webp
本杰明·巴顿奇事 / The Curious Case of Benjamin Button,5,2020/9/14,两条直线，相遇过后便成永远，惊鸿一瞥如同昙花一现，在生命的长廊里，留下时间的灰烬,2008/12/25,美国,https://movie.douban.com/subject/1485260/,p480747492.webp
红气球 / Le ballon rouge,5,2020/9/6,雨水冲刷不掉的是孤独，石头戳不破的是童真,,,https://movie.douban.com/subject/1326038/,p480965695.webp
信条 / Tenet,,2020/9/5,我失去了评论的权利,2020/8/26,英国,https://movie.douban.com/subject/30444960/,p490697335.webp
哈利·波特与死亡圣器(下) / Harry Potter and the Deathly Hallow...,5,2020/8/31,多年以后，他们还会拿出《魔法石》的碟片，来缅怀自己的青葱岁月吗？我想会的吧。我的青春也应该在此结束了，虽然早已一去不复返，但我还是希望以这种方式来结束这段颇具遗憾又天真烂漫的时光。Farewell. 2020.8.31.,2011/7/15,美国,https://movie.douban.com/subject/3011235/,p492406163.webp
哈利·波特与死亡圣器(上) / Harry Potter and the Deathly Hallow...,5,2020/8/29,那段在帐篷里的舞，简直美的出奇。那些活在HP时代的人，该是多么的幸福，曾经已逝去的青春，喜怒哀乐都寄托在《哈利波特》上,2010/11/19,中国大陆,https://movie.douban.com/subject/2051007/,p492586288.webp
哈利·波特与混血王子 / Harry Potter and the Half-Blood Prince,4,2020/8/28,,2009/7/6,英国,https://movie.douban.com/subject/1433330/,p501177648.webp
哈利·波特与凤凰社 / Harry Potter and the Order of the Phoenix,5,2020/8/27,这集的魔法世界里参杂了许多成人世界的内容。几乎没有人会喜欢充满官僚气息的霍格沃茨，尤其是魔法部的教育改革，真的是太魔幻了。而HP对我来说，是一种逃离世界的方式。无脑5星,2007/7/11,美国,https://movie.douban.com/subject/1457217/,p506639780.webp
哈利·波特与火焰杯 / Harry Potter and the Goblet of Fire,5,2020/8/25,,2005/11/6,英国,https://movie.douban.com/subject/1309055/,p511118051.webp
天空之城 / 天空の城ラピュタ,4,2020/8/21,儿童文学的美好在成人世界褪去后，政治力量便粉墨登场。最后的毁灭，标志着浪漫主义达到顶峰。如果有来生，愿下辈子还做一个海盗,1986/8/2,日本,https://movie.douban.com/subject/1291583/,p513303986.webp
哈利·波特与阿兹卡班的囚徒 / Harry Potter and the Prisoner of ...,5,2020/8/21,,2004/5/31,英国,https://movie.douban.com/subject/1291544/,p513344864.webp
绝命毒师  第二季 / Breaking Bad Season 2,5,2020/8/20,人只有在行将就木的时候才真正自由，在那之前，不过是生活的奴隶罢了,2009/3/8,美国,https://movie.douban.com/subject/3586996/,p533908031.webp
小偷家族 / 万引き家族,5,2020/8/18,,2018/5/13,戛纳电影节,https://movie.douban.com/subject/27622447/,p574158935.webp
哈利·波特与密室 / Harry Potter and the Chamber of Secrets,5,2020/8/18,他们应该在年轻貌美的时候多拍几部，不过用拍电影记录成长的过程也是很幸福了,2002/11/15,英国,https://movie.douban.com/subject/1296996/,p607743654.webp
哈利·波特与魔法石 / Harry Potter and the Sorcerer's Stone,5,2020/8/16,雾都真的缺父母啊，至少在文学层面上，可怜天下赤子心。世界上有那么一小撮人，依然愿意相信魔法的存在，在他们心中HP应该算是一种唯美的浪漫主义吧？,2001/11/4,英国首映,https://movie.douban.com/subject/1295038/,p616779645.webp
绝命毒师 第一季 / Breaking Bad Season 1,5,2020/8/14,有钱可使鬼推磨，坟头蹦迪钢管舞,2008/1/20,美国,https://movie.douban.com/subject/2373195/,p641688453.webp
西部世界 第一季 / Westworld Season 1,5,2020/8/12,米开朗琪罗的画早已洞穿一切，个体存在于世界的真实性竟是源于自我欺骗。其实完全可以把内容压缩一下，拍成电影的话就不会有节奏拖沓的瑕疵了,2016/10/2,美国,https://movie.douban.com/subject/2338055/,p661160053.webp
环形物语 / Tales from the Loop,5,2020/8/12,北欧性冷淡风下的石油朋克小镇，环形离子对撞机上的光怪陆离，超现实主义的美，时间和生命的魅力......,2020/4/3,美国,https://movie.douban.com/subject/30277286/,p691069814.webp
牯岭街少年杀人事件 / 牯嶺街少年殺人事件,3,2020/8/7,理想主义的光辉被现实主义的黑暗所吞没。理想的幻灭，世界的崩塌......他用匕首捅向世界，世界却从未改变。既然人身处社会，就不得不向社会妥协，然后再把理想放在心间。//以前觉得自己并不是理想主义者，后来才发现其实是我不想承认罢了……4小时的电影，的确太难欣赏,1991/7/27,中国台湾,https://movie.douban.com/subject/1292329/,p721429854.webp
1917,4,2020/8/7,一场毫无意义的大战，当防守方用冰冷的机枪扫射敌人时，进攻方依然靠着血肉之躯排队送死。每次冲锋都是荒谬般的悲壮，可能这1600个人全部牺牲也无法将战线推进1厘米。全片给人以一股身临其境的强烈无力感，冒着炮火一路走来，也拯救不了世界，世界本不需要英雄，我们都是渺小的个体罢了……当冲锋号响起，狂热的人觉得热血沸腾，反战的人看到的是一个个死去的灵魂,2019/12/25,美国,https://movie.douban.com/subject/30252495/,p732929059.webp
天佑鲍比 / Prayers for Bobby,3,2020/8/5,为何一定要向往天堂，难道是地狱不够美好？哪里有什么诗和远方，只有唱不完的巴厘岛......,,,https://movie.douban.com/subject/3154003/,p732937546.webp
春光乍泄 / 春光乍洩,5,2020/8/2,,1997/5/17,戛纳电影节,https://movie.douban.com/subject/1292679/,p735391084.webp
大话西游之大圣娶亲 / 西遊記大結局之仙履奇緣,5,2020/8/2,苦海翻起爱恨，在世间难逃命运。或我应该相信是缘分，谁让你是我的一生所爱...可惜我只能把爱放在心间，并转身默默离开...若要为这份爱加上期限，我希望是一万年....5555....,1995/2/4,中国香港,https://movie.douban.com/subject/1292213/,p792257137.webp
海王 / Aquaman,3,2020/7/23,《黑豹》是非洲大陆的封建残留，《海王》是海底世界的封建残留，他们之间唯一的区别，估计就是一个温子仁吧……,2018/12/7,中国大陆,https://movie.douban.com/subject/3878007/,p792423963.webp
辛德勒的名单 / Schindler's List,5,2020/7/22,对于此片未感到丝毫同情的人，都是当党卫军的好苗子,1993/11/30,华盛顿首映,https://movie.douban.com/subject/1295124/,p792520149.webp
利刃出鞘 / Knives Out,4,2020/7/22,,2019/9/7,多伦多电影节,https://movie.douban.com/subject/30318116/,p792776858.webp
王牌特工：特工学院 / Kingsman: The Secret Service,4,2020/7/19,这翻译也太lj了一点，明明叫《王的男人：秘密服务》由此可见，也就old money的英国人会拍出这种穿西装打架的新特工片,2014/12/13,BNAT电影节,https://movie.douban.com/subject/24405378/,p835946292.webp
爱尔兰人 / The Irishman,4,2020/7/18,Hollywoo的黑帮片：字数不少于800字，时长不低于3小时，人物关系极其复杂。历史片的天然局限性决定了《爱尔兰人》只能在叙述和表现手法上做文章，看到后来也极易产生“好看的是故事本身，而不是电影”的感觉。而电影极力想要营造的历史沧桑感，上面说了，我都看到半夜2点了，能不有一股油然而生的沧桑感吗……,2019/9/27,纽约电影节,https://movie.douban.com/subject/6981153/,p839469694.webp
罗马 / Roma,5,2020/7/18,比《绿皮书》好太多，黑白摄影下的琐碎生活片，黯淡又隐忍。而且还用个体命运拍出了时代背景，摄影简直美绝了，真不知道奥斯卡评委是怎么想的,2018/8/30,威尼斯电影节,https://movie.douban.com/subject/1950330/,p847596881.webp
猫鼠游戏 / Catch Me If You Can,4,2020/7/16,,2002/12/16,洛杉矶首映,https://movie.douban.com/subject/1305487/,p848381236.webp
马男波杰克 第六季 / BoJack Horseman Season 6,5,2020/7/12,少年时的离经叛道，中年时的满脸沧桑，暮年时的留恋美好。人生的无意义已无需多言，但似乎每个孤独的人都渴望那人群中的惊鸿一瞥，又期许那微笑湮没于人间，消沉于时光，这种矛盾般的竭尽全力的欲言又止，这种困兽般的怦然心动又怅然若失，是座流动的孤岛，随着永恒的时光漂泊四方。若漂泊无期望，则孤独难以忍受；若世间有羁绊，则痛苦不自而来。愿时光定格在那一刻，与你共享同一片璀璨的星空，与你共度人生的虚无。Goodbye Bojack,2019/10/25,美国,https://movie.douban.com/subject/30366464/,p853427696.webp
去他*的世界 第一季 / The End of the F***ing World Season 1,5,2020/6/25,"她在浴室里哭泣，他站在那迷离,他朝大海走去。就在那一瞬间，突然明白了人与人之间的联系。18岁，为情所困“Can you pouch me? I can pay you.Thank you very much. ”突然发现面对这堆鲜血，已经没有以前的不适了，可能是看多了成人动画，我也变暴力了，时不时想要捅这世界两刀(1 有用)",2017/10/24,英国,https://movie.douban.com/subject/27031389/,p868550285.webp
白日梦想家 / The Secret Life of Walter Mitty,5,2020/6/24,"我时常觉得，人生路上，时而跌宕起伏，时而波澜不惊，不经意间无可避免地走向无聊，若不是现实枯燥乏味，又有谁喜欢白日做梦，其实那恰恰是对生活的反抗。不如做个白日梦想家，去追随那道北极光，哪怕美好转瞬即逝，灯火阑珊，也会镌刻在心底里，直至永远...“Dawn is coming,open your eyes....”冰岛和格陵兰简直就是理想国，跟普罗旺斯一样美到我不能再哭",2013/12/25,美国,https://movie.douban.com/subject/2133323/,p906164091.webp
"德州，北海 / Noordzee, Texas",3,2020/6/14,世间好物不坚牢，彩云易散琉璃碎。有些东西，得到只是瞬间，失去才是永恒。小清新电影，要的不就是那个触不可及的美好吗？要是他从A数到Z，并消失在了茫茫北海，那我会毫不犹豫地为他流泪，歌颂这段易碎的感情。但他最终还是选择了留下，回归生活的琐碎和不完美，也许这也是生活的一种魅力吧……算了算了，就当是看了2小时北海的风景吧……FYI，我真的很好奇为什么编剧能把德州和北海这两个相差十万八千里，没有半毛钱关系的地方扯在一起....,2011/3/16,比利时,https://movie.douban.com/subject/5154197/,p917846733.webp
瑞克和莫蒂 第四季 / Rick and Morty Season 4,5,2020/6/12,完结撒花🎉,2019/11/10,美国,https://movie.douban.com/subject/27166039/,p959856833.webp
银河补习班,2,2020/5/22,旁白如噩梦般辣耳，说教如洪水般泛滥，看一部毒鸡汤教育片得用十部《死亡诗社》来舒缓,2019/7/13,大规模点映,https://movie.douban.com/subject/30282387/,p988260245.webp
万物理论 / The Theory of Everything,5,2020/5/22,若时间能倒流，我依然会选择和你一起，走过四季与千秋,2014/9/7,多伦多电影节,https://movie.douban.com/subject/24815950/,p1031075041.webp
我是城堡之王 / Je suis le seigneur du château,5,2020/5/3,我是城堡之王，用冷漠把温暖伪装，  孤独无处安放。伤害一个人至深之后，才知道有些东西一旦失去，便无法挽回，即使冷峻如山，冰冷似水，也会为之流泪。那未能诉说的爱与恨，随着海风四处飘散，流入大海。浪花褪去后，又剩下了独自一人。孤独的国王，他坚守了他的王国，可他的内心也早已失守。世界寒冷到我无法呼吸，而我又送走了唯一的温暖，泪水挂满了眼眶，到头来，竟一无所有。如果可以的话，不如我们在海的那头，重新来过(2 有用),1989/2/22,法国,https://movie.douban.com/subject/1412573/,p1082651990.webp
月升王国 / Moonrise Kingdom,5,2020/4/30,突然很喜欢这种逃离世界的小清新电影，可能我就是那种喜欢逃离的人吧，像是加了致幻剂的童话，嗑药片无疑,2012/5/16,戛纳电影节,https://movie.douban.com/subject/5360889/,p1108070214.webp
谁先爱上他的 / 誰先愛上他的,5,2020/4/22,#重评 每个人的心中都有一座巴厘岛，幻想着的美好，到不了的远方……,2018/4/22,乌迪内远东电影节,https://movie.douban.com/subject/27119586/,p1117765592.webp
马男波杰克 第五季 / BoJack Horseman Season 5,5,2020/4/21,Ep6随笔：可能人生就是在无意义中寻找意义，这种存在主义的虚无是最深的绝望，从出生伴随着死亡，所以人才有了希望，有了梦想，只因未来有无限可能，虽然深知有些事情是不能改变的，但内心深处仍然有一分执念。所以，当跨过高山越过平原，感受过这个世界最深刻的绝望，在弥留之际，心底的执念最终幻灭，波函数最终坍缩。人生啊，不过是揭开一片又一片虚无与迷茫,2018/9/14,美国,https://movie.douban.com/subject/27149382/,p1172845476.webp
黑水 / Dark Waters,5,2020/4/21,白色是最黑的颜色，任凭你告，巨头依旧屹立不倒,2019/11/22,美国点映,https://movie.douban.com/subject/30331959/,p1257609417.webp
无人知晓 / 誰も知らない,4,2020/4/9,残忍的温柔，温柔的残忍.生活已无需多言，也无言以对.在被世界遗忘的角落里，吞下世界的肮脏.把最爱的人埋葬，把悲伤留给自己，感觉世界已不再爱我，脸上写满了平静的失望.可那又怎样呢？当一切都不再重要时，唯一要做的就是活着，或者死亡……永恒的话题,2004/5/13,戛纳电影节,https://movie.douban.com/subject/1292337/,p1281402537.webp
马男波杰克 第四季 / BoJack Horseman Season 4,4,2020/4/7,,2017/9/8,美国,https://movie.douban.com/subject/26842335/,p1305562621.webp
我杀了我妈妈 / J'ai tué ma mère,5,2020/3/27,人们竭尽全力挽留现在，穷尽一切想回到过去，可惜到头来只换来一句：抱歉，那是回不去的从前，欺骗我们的，是时间。摄影简直美哭,2009/5/18,戛纳电影节,https://movie.douban.com/subject/3707070/,p1327975191.webp
理查德·朱维尔的哀歌 / Richard Jewell,4,2020/3/23,这真是一个想改变世界的人，被世界改变的故事,2019/11/20,AFI Fest,https://movie.douban.com/subject/25842038/,p1344888983.webp
黑天鹅 / Black Swan,5,2020/3/22,我觉得这部电影应该叫...... 《薛定谔的鹅》,2010/9/1,威尼斯电影节,https://movie.douban.com/subject/1978709/,p1403875505.webp
孟买酒店 / Hotel Mumbai,3,2020/3/22,太暴力了，建议降低音量。如此反英雄主义的电影，还把锤哥放那么前面，有种被骗了的感觉。看印度政府智商下线的操作，观影体验稍差..,2018/9/7,多伦多电影节,https://movie.douban.com/subject/26794701/,p1431356464.webp
华尔街之狼 / The Wolf of Wall Street,2,2020/3/20,实在看不下去....看这部片子就好比 3个小时的药，谁  吃的消？,2013/12/17,纽约首映,https://movie.douban.com/subject/2997076/,p1461851991.webp
马男波杰克 第三季 / BoJack Horseman Season 3,5,2020/3/20,海底世界的沉默，天文馆下的低语，加州高速路上的狂奔，仿佛一切都走向了尽头，永远都回不到从前，只是一眼惊鸿一瞥，那一刻，我只想奔跑，一往无前，来路已无可眷恋，值得期待的只有前方,2016/7/22,美国,https://movie.douban.com/subject/26581673/,p1461954452.webp
马男波杰克 第二季 / BoJack Horseman Season 2,5,2020/3/18,尽情悲伤于错过的人，做过的事吧，那已成为永恒，随风而逝，而且，这些，还会在你不经意间，再度上演,2015/7/17,美国,https://movie.douban.com/subject/26295873/,p1465235231.webp
马男波杰克 第一季 / BoJack Horseman Season 1,5,2020/3/9,,2014/8/22,美国,https://movie.douban.com/subject/25900177/,p1469137689.webp
柏林苍穹下 / Der Himmel über Berlin,5,2020/3/3,天堂的黑白，与苍穹之下的五彩，诉说着永恒的痛苦。细品一杯人世间的咖啡，苦涩又甜美。瞬间亦可以是永远，情人看完后会不禁发问：“你愿意放弃永生，与我共度短暂的红尘吗？”于是，又开始了无限的轮回。当孩子还是孩子的时候，那是一切都开始的时候......,1987/9/23,法国,https://movie.douban.com/subject/1292504/,p1473670352.webp
纸牌屋 第一季 / House of Cards Season 1,5,2020/3/1,众议院水管工，海报里手握法西斯竖棒，颠倒国旗，手染鲜血，如伊甸园之毒蛇，巧舌如簧，翻云覆雨，凯文·史派西算是把华府congressman的毒辣演绎得淋漓尽致，权利场上，“没有永远的朋友，只有永远的利益”,2013/2/1,美国,https://movie.douban.com/subject/6037429/,p1563566300.webp
第六感 / The Sixth Sense,5,2020/2/29,结尾像极了盗梦空间，人的一生不过是在存在主义的虚无中寻找解脱，电影有趣的地方在于，它向人们抛出了一个哲学命题：如果你明天就要死去，你会满足于自己的一生吗？即使你的人生皆是荒谬与虚无？,1999/8/6,美国,https://movie.douban.com/subject/1297630/,p1601948450.webp
是爱非友 / Esteros,5,2020/2/25,这雨不会停了，你感受到了吗,2016/5/27,多伦多电影节,https://movie.douban.com/subject/26811844/,p1638474256.webp
硅谷 第二季 / Silicon Valley Season 2,5,2020/2/24,一黑到底，所谓的“To make world a better place”仅仅只是商业说辞而已,2015/4/12,美国,https://movie.douban.com/subject/25871679/,p1662271271.webp
硅谷 第三季 / Silicon Valley Season 3,4,2020/2/24,,2016/4/24,美国,https://movie.douban.com/subject/26366492/,p1706428744.webp
硅谷 第四季 / Silicon Valley Season 4,4,2020/2/24,,2017/4/23,美国,https://movie.douban.com/subject/26776807/,p1791964116.webp
硅谷 第五季 / Silicon Valley Season 5,4,2020/2/24,,2018/3/25,美国,https://movie.douban.com/subject/27055699/,p1808872109.webp
硅谷 第六季 / Silicon Valley Season 6,5,2020/2/24,,2019/10/27,美国,https://movie.douban.com/subject/30194648/,p1844643165.webp
社交网络 / The Social Network,5,2020/2/23,"千言万语，资本市场的竞争全都可以归结为一句话：“你翻脸的速度，真的比翻书还快”—Rick and Morty,Episode I forgot(1 有用)",2010/9/24,纽约电影节,https://movie.douban.com/subject/3205624/,p1864616471.webp
小丑回魂 / It,3,2020/2/21,非小孩不吃，难道现在吃个人都那么punk了吗……心疼乔治弟弟，还有就是我好久没吃麦当劳了……,2017/8/29,伦敦恐怖电影节,https://movie.douban.com/subject/3604148/,p1907669506.webp
寄生虫 / 기생충,4,2020/2/20,想不明白《寄生虫》的标签居然是喜剧，明明是一部现实主义恐怖片，看完之后相对无言，引起身心极度不适,2019/5/21,戛纳电影节,https://movie.douban.com/subject/27010768/,p1910812549.webp
教父 / The Godfather,5,2020/2/19,😀🙂🙃😕🤨🤔🧐🧐🧐🧐🧐🧐😶🤷‍♂️🥱😴💤💤💤💤💤😵😯😯😯👍👍👍👍👍👍有些电影真的要看第二遍，尤其是人物关系复杂+脸盲,1972/3/15,纽约首映,https://movie.douban.com/subject/1291841/,p1922946288.webp
致命魔术 / The Prestige,5,2020/2/18,#二刷#鬼知道诺兰兄弟的剧本是否映射着历史上特斯拉与爱迪生的直/交流电之争，这世界上没有真正的魔术，只有科技，那个出场自带闪电的男人，和他的那台机器，才是真正的魔术,2006/10/17,罗马电影节,https://movie.douban.com/subject/1780330/,p1932438619.webp
浪潮 / Die Welle,4,2020/2/17,我实在是纳闷德国的中学生这么容易就会被同化，要我说一件校服我都接受不了，这种事情要是发生在我身上，我肯定会毫不犹疑地上无政府主义课去了，顺便会以关爱弱智的眼神看待那帮中二青年们……P.S.强行安利Rick and Morty S2E3,2008/3/13,德国,https://movie.douban.com/subject/2297265/,p1936517673.webp
良医 第二季 / The Good Doctor Season 2,5,2020/2/16,编剧真的是为了收视率不择手段...,2018/9/24,美国,https://movie.douban.com/subject/30163504/,p1955027201.webp
良医 第一季 / The Good Doctor Season 1,5,2020/2/12,"从凌晨1.30开始看到了4.30，3个小时，一共5集，看完Ep5之后心情久久不能平复，可能作为医生，最不能做的就是给予病人0.02%的希望，更何况是对一个，即将敲响天堂大门的少年呢？也许吧，但当海默把《杀死一只知更鸟》的书签塞入口袋中时，突然顿悟了，就像书里说的：“即使我们失败了一百年，也不能停止尝试”。Which means,failures,“It comes back,every time.” :P",2017/9/25,美国,https://movie.douban.com/subject/26888731/,p1979379460.webp
帝国的毁灭 / Der Untergang,4,2020/2/8,作为半纪录片还是逃不过冥长的缺点，不过的确真实。实在无法相信他们当时活在一个，孩子要为父母去死的国家， 更恐怖的是这种事情在历史中是真实发生过的。       R.I.P kids and Bruno Ganz,2004/9/8,德国,https://movie.douban.com/subject/1309115/,p2016505705.webp
雾都孤儿 / Oliver Twist,4,2020/2/6,典型的批判现实主义文学，美与丑并存，其实没有谁对谁错，都是社会的受害者,2005/9/24,捷克,https://movie.douban.com/subject/1418194/,p2016948076.webp
IT狂人 第一季 / The IT Crowd Season 1,5,2020/2/4,生更半夜看的，可惜了第5集被爱抄公寓抄走了，不然真的会半夜里笑出声,2006/2/3,英国,https://movie.douban.com/subject/1758810/,p2043625972.webp
黑镜 第一季 / Black Mirror Season 1,4,2020/2/1,怎么说呢，大半夜看的，已好nb到引起身心极度不适（尤其是强迫看x片等，实在是接受不了）,2011/12/4,英国,https://movie.douban.com/subject/7054120/,p2075132390.webp
瑞克和莫蒂 第二季 / Rick and Morty Season 2,5,2020/1/27,看完Ep3后才真正体会到为什么要“哭着看动画片”,2015/7/26,美国,https://movie.douban.com/subject/25865470/,p2091221628.webp
瑞克和莫蒂 第三季 / Rick and Morty Season 3,5,2020/1/27,,2017/4/1,首播集,https://movie.douban.com/subject/26592971/,p2151245053.webp
瑞克和莫蒂 第一季 / Rick and Morty Season 1,5,2020/1/26,Ep6简直超神，编剧一定参透了人生，“把旧的世界抛弃，把逝去的自己埋葬，无论生活有多糟，都可以删档重来，笑看眼前事，却话眼前人，熟悉又陌生...”,2013/12/2,美国,https://movie.douban.com/subject/11537954/,p2153214457.webp
银翼杀手 / Blade Runner,4,2020/1/22,"一句即兴发挥的独白撑起了整部电影.即使赛博朋克风的黑暗再怎么不堪观看，1982年的银翼杀手看透人性美丑，到后来，一切如过眼云烟，“Lost in times,like tears in rains” R.I.P Roy, “It’s time to die”",1982/6/25,美国,https://movie.douban.com/subject/1291839/,p2153367599.webp
千钧一发 / Gattaca,5,2020/1/22,"每个人都有权利相信1%，没有人可以剥夺梦想与决心Ps.今天刚看的励志片，明天就要出高考成绩了,真的有点不合时宜...",1997/10/24,美国,https://movie.douban.com/subject/1300117/,p2155236151.webp
源代码 / Source Code,5,2020/1/20,没有想到的是最后几分钟竟然上升到了平行宇宙的高度，awesome,2011/3/11,西南偏南电影节,https://movie.douban.com/subject/3075287/,p2159078612.webp
这个男人来自地球 / The Man from Earth,4,2020/1/18,事实证明只要有一个nb的编剧，一部电影就可以上到豆瓣top250,2007/11/13,美国,https://movie.douban.com/subject/2300586/,p2160195181.webp
硅谷 第一季 / Silicon Valley Season 1,5,2019/12/1,,2014/4/6,美国,https://movie.douban.com/subject/20644938/,p2160254162.webp
爆裂鼓手 / Whiplash,4,2019/11/9,更希望这是悲剧，悲剧往往更有意义,2014/1/16,圣丹斯电影节,https://movie.douban.com/subject/25773932/,p2162615597.webp
人生七年1 / Seven Up!,5,2019/11/8,那么多个7年改变了什么不知道，反正颜值巅峰是在第一个七年了,1964/5/5,英国,https://movie.douban.com/subject/2123439/,p2164556643.webp
撞车 / Crash,3,2019/10/18,纯粹的《断背山》竟然输给了它,2004/9/10,多伦多电影节,https://movie.douban.com/subject/1388216/,p2166160837.webp
十二怒汉 / 12 Angry Men,5,2019/10/18,强者总是喜欢1挑11(1 有用),1957/4/10,美国,https://movie.douban.com/subject/1293182/,p2166850749.webp
这个杀手不太冷 / Léon,5,2019/10/1,为一个人流的最多的一次泪，从来没有爱一个角色爱的如此之深，也从来没有恨一个角色恨的如此之深，Gary Oldman当年拍完这部片子后估计涨了不少黑粉吧，吕克贝松怕不是跟我一样，也是一个斯德哥尔摩综合症患者,1994/9/14,法国,https://movie.douban.com/subject/1295644/,p2167331225.webp
霸王别姬,5,2019/9/14,不疯魔不成活，我已经无法判断这是不是一部同志片了,1993/1/1,中国香港,https://movie.douban.com/subject/1291546/,p2169664351.webp
奇爱博士 / Dr. Strangelove or: How I Learned to Stop Worrying ...,5,2019/9/13,库布里克的思想相当前卫，直到现在，世界依然笼罩在核战争的阴影下。PS.实在无法想象一人分饰三角是如何做到的，毫无痕迹，堪称完美(1 有用),1964/1/29,美国,https://movie.douban.com/subject/1322848/,p2169912867.webp
小谢尔顿 第二季 / Young Sheldon Season 2,5,2019/8/29,赶紧拍S3、S4吧，再不拍他们就长大了,2018/9/24,美国,https://movie.douban.com/subject/27623506/,p2170811687.webp
小谢尔顿 第一季 / Young Sheldon Season 1,4,2019/8/28,,2017/9/25,美国,https://movie.douban.com/subject/26910060/,p2172371194.webp
生活大爆炸 第十二季 / The Big Bang Theory Season 12,5,2019/8/25,世界唯一不变的是，世界一直在变,2018/9/24,美国,https://movie.douban.com/subject/27001001/,p2173577632.webp
生活大爆炸 第十一季 / The Big Bang Theory Season 11,4,2019/8/23,,2017/9/25,美国,https://movie.douban.com/subject/27000999/,p2176944875.webp
生活大爆炸 第十季 / The Big Bang Theory Season 10,4,2019/8/21,10年,2016/9/19,美国,https://movie.douban.com/subject/25845401/,p2177142678.webp
生活大爆炸 第九季 / The Big Bang Theory Season 9,5,2019/8/20,,2015/9/21,美国,https://movie.douban.com/subject/25845400/,p2187391526.webp
生活大爆炸 第八季 / The Big Bang Theory Season 8,5,2019/8/18,,2014/9/22,美国,https://movie.douban.com/subject/25845393/,p2188484411.webp
切尔诺贝利 / Chernobyl,5,2019/8/15,神剧,2019/5/6,美国,https://movie.douban.com/subject/27098632/,p2189163440.webp
心慌方 / Cube,2,2019/8/12,典型的多说几句不腰疼+莫名其妙强行死，毫无看下去的欲望,1997/9/9,多伦多电影节,https://movie.douban.com/subject/1305903/,p2190556408.webp
布拉姆的异想世界 / Brammetje Baas,4,2019/8/9,很多年前，在b站还没被整改的时候看的，依稀记得厕所里拔牙那一段，可能这就是爱情吧,,,https://movie.douban.com/subject/10581620/,p2191978526.webp
生活大爆炸 第六季 / The Big Bang Theory Season 6,5,2019/8/9,感觉水平又回来了,2012/9/27,美国,https://movie.douban.com/subject/10561953/,p2192391114.webp
生活大爆炸 第七季 / The Big Bang Theory Season 7,5,2019/8/9,"不知不觉就看完了7季，最后一集有股淡淡的忧伤，“Everything is changing too fast,and I have to stop it.”可能这就是生活吧",2013/9/27,美国,https://movie.douban.com/subject/21339708/,p2192535722.webp
哪吒之魔童降世,3,2019/8/7,深度不够，既然是动画片期望就不要太高，原以为是黑暗系剧情，结果是我想多了，跟星战差不多,2019/7/13,大规模点映,https://movie.douban.com/subject/26794435/,p2194138787.webp
她 / Her,5,2019/8/6,孤独的危害是一天15根烟，但总有人享受其中，与世隔绝,2013/10/12,纽约电影节,https://movie.douban.com/subject/6722879/,p2196695849.webp
大空头 / The Big Short,4,2019/8/4,,2015/11/12,AFI影展,https://movie.douban.com/subject/26303622/,p2200421463.webp
生活大爆炸  第五季 / The Big Bang Theory Season 5,4,2019/8/2,连看5季居然看出了人世变迁...原本的geeks相继订婚，原本的一些笑点也失去了意义，看不下去了……结局还是挺暖的,2011/9/22,美国,https://movie.douban.com/subject/6557005/,p2201485029.webp
生活大爆炸  第四季 / The Big Bang Theory Season 4,4,2019/7/30,,2010/9/23,美国,https://movie.douban.com/subject/4804079/,p2201798471.webp
生活大爆炸  第三季 / The Big Bang Theory Season 3,5,2019/7/29,,2009/9/21,美国,https://movie.douban.com/subject/3990470/,p2207673534.webp
生活大爆炸  第二季 / The Big Bang Theory Season 2,5,2019/7/27,实在没有什么废话可以讲，就这样5星一直打到12季吧……,2008/9/22,美国,https://movie.douban.com/subject/3190880/,p2209721954.webp
生活大爆炸  第一季 / The Big Bang Theory Season 1,5,2019/7/24,12季珍藏版资源，够我笑个几年了....,2007/9/24,美国,https://movie.douban.com/subject/2156528/,p2210832820.webp
2001太空漫游 / 2001: A Space Odyssey,5,2019/7/21,这结局，既在意料之中又在意料之外……看不懂就是了……,1968/4/2,华盛顿首映,https://movie.douban.com/subject/1292226/,p2218945060.webp
记忆碎片 / Memento,5,2019/7/17,这已经不是惊悚片，这是哲学惊悚片,2000/9/5,威尼斯电影节,https://movie.douban.com/subject/1304447/,p2220184425.webp
寻梦环游记 / Coco,4,2019/7/16,满屏的墨西哥元素，音乐不要太好听，至于剧情吗，还是那个熟悉的迪士尼，可能是我真的长大了吧，虽然无数次被感动但还是偏爱希腊悲剧,2017/11/22,美国,https://movie.douban.com/subject/20495023/,p2220776342.webp
中央车站 / Central do Brasil,5,2019/7/15,简单故事下的温情，如同一封封朴素的书信,,,https://movie.douban.com/subject/1292218/,p2229594647.webp
太空旅客 / Passengers,2,2019/7/14,导演可能是要拍太空版泰坦尼克号的，然而他并没有做到,2016/12/21,美国,https://movie.douban.com/subject/3434070/,p2232659084.webp
少数派报告 / Minority Report,3,2019/7/14,虽然有好多逻辑上的漏洞，但剧本还是很硬核，关键是这特效，上世纪星战既视感……,2002/6/21,美国,https://movie.douban.com/subject/1297689/,p2239441575.webp
至爱梵高·星空之谜 / Loving Vincent,5,2019/7/11,这样的手绘艺术电影一定要在深夜看，上次那么孤独还是在看《月球》的时候，天才真的可能会被埋没,2017/6/12,安锡动画电影节,https://movie.douban.com/subject/25837262/,p2242302551.webp
心灵捕手 / Good Will Hunting,4,2019/7/9,我握住天赋的刀锋，却落得一身伤痕,1997/12/5,美国,https://movie.douban.com/subject/1292656/,p2242653338.webp
看不见的客人 / Contratiempo,4,2019/7/9,,2016/9/23,奇幻电影节,https://movie.douban.com/subject/26580232/,p2245558962.webp
完美陌生人 / Perfetti sconosciuti,5,2019/7/8,人性真的是最经不住考验的东西,2016/2/11,意大利,https://movie.douban.com/subject/26614893/,p2255040492.webp
黑客帝国3：矩阵革命 / The Matrix Revolutions,5,2019/7/7,原来Smith才是那个最具自由意志的人，他的自由意志体现在不拘泥于形式，无视规则与法制，但最后他和Neo还是难逃被系统控制的命运。看完整个三部曲之后才觉得人的一生是如此虚无,2003/11/5,美国,https://movie.douban.com/subject/1302467/,p2255662030.webp
伴我同行 / Stand by Me,5,2019/6/21,"I don’t expect you can be the one stand by
I only wish I won’t be the one left behind 
And dying by your side
Is what a heavenly way to die",1986/8/8,美国,https://movie.douban.com/subject/1292925/,p2259715855.webp
雾中风景 / Τοπίο στην ομίχλη,5,2019/6/21,从那时起，The End 剧终                                                                                                                                   不如改名叫童年的葬礼,1988/8/31,威尼斯电影节,https://movie.douban.com/subject/1294252/,p2263822658.webp
燃情岁月 / Legends of the Fall,4,2019/6/8,一部危险的无政府主义电影,1994/12/16,美国,https://movie.douban.com/subject/1295865/,p2264592493.webp
教父2 / The Godfather: Part II,5,2019/6/7,如果教父I是黑帮片，教父II就是家庭片,1974/12/12,纽约首映,https://movie.douban.com/subject/1299131/,p2264942503.webp
教父3 / The Godfather: Part III,5,2019/6/7,个人感觉如果没有索菲亚，教父III的成就会超过教父II，真的是白费了阿尔帕西诺那么nb的演技(1 有用),1990/12/25,美国,https://movie.douban.com/subject/1294240/,p2268827627.webp
蝙蝠侠：黑暗骑士 / The Dark Knight,5,2019/5/17,我想活在哥谭，直面世界黑暗,2008/7/14,纽约首映,https://movie.douban.com/subject/1851857/,p2274029145.webp
泰坦尼克号 / Titanic,5,2019/5/3,二刷                                                                                                                                                                所谓生命，不过以一瞬                                                                                                                                  所谓爱情，持续至永恒,1997/11/1,东京电影节,https://movie.douban.com/subject/1292722/,p2276189752.webp
超脱 / Detachment,4,2019/5/3,令灵魂失语,2011/4/25,翠贝卡电影节,https://movie.douban.com/subject/5322596/,p2283531871.webp
复仇者联盟4：终局之战 / Avengers: Endgame,4,2019/5/1,情怀多了一点，不剧透打5星,2019/4/24,中国大陆,https://movie.douban.com/subject/26100958/,p2293954118.webp
何以为家 / كفرناحوم,5,2019/5/1,Life’s like shit                                                                                                                                                    太丧太真实,2018/5/17,戛纳电影节,https://movie.douban.com/subject/30170448/,p2299823043.webp
气球 / Ballon,5,2019/4/21,真是佩服德国人的物理和通用技术水平        西德就在那边，可望而不可及,2018/9/27,德国,https://movie.douban.com/subject/30192401/,p2308392633.webp
德雷尔一家 第一季 / The Durrells Season 1,5,2019/4/21,希腊真是美啊,2016/4/3,英国,https://movie.douban.com/subject/26594369/,p2308393297.webp
德雷尔一家 第二季 / The Durrells Season 2,5,2019/4/21,远离喧嚣的碧海蓝天,2017/4/23,英国,https://movie.douban.com/subject/26800981/,p2317872478.webp
死亡诗社 / Dead Poets Society,5,2019/4/20,"我要的是狂放不羁的热情，不是贬谪后的悲凉

O CAPTAIN! MY CAPTAIN!

Where the hell is my captain?",1989/6/2,多伦多首映,https://movie.douban.com/subject/1291548/,p2324472359.webp
真爱至上 / Love Actually,5,2019/4/8,以后列为圣诞节固定节目，暖死我了,2003/9/7,多伦多电影节,https://movie.douban.com/subject/1292401/,p2326045385.webp
我不是药神,5,2019/4/7,国内版达拉斯买家俱乐部，甚至更好（国情终于是个褒义词了）,2018/6/30,大规模点映,https://movie.douban.com/subject/26752088/,p2352321614.webp
蝙蝠侠：侠影之谜 / Batman Begins,4,2019/4/6,第一部和第二部差距太大了，除了诺兰的镜头，跟主流的超级英雄电影没什么区别,2005/6/15,美国,https://movie.douban.com/subject/1309069/,p2359037283.webp
蝙蝠侠：黑暗骑士崛起 / The Dark Knight Rises,4,2019/4/6,第三部并没有上升到人性的角度，只是批判了无政府主义而已，相比第二部确实是有着明显的落差,2012/7/20,美国,https://movie.douban.com/subject/3395373/,p2360924286.webp
海边的曼彻斯特 / Manchester by the Sea,5,2019/4/5,当初看名字以为是一部治郁片，结果越看越抑郁。海边的曼彻斯特的好看之处在于，它犹如一剂慢性毒药，看完觉得多大点事，后来越回想中毒越深，就好比过去无法和解的伤痛，岁月不仅不能冲淡，而且会让它愈发糜烂，直到你不堪承受时，才决定与过去的自己决裂。,2016/1/23,圣丹斯电影节,https://movie.douban.com/subject/25980443/,p2363503306.webp
波西米亚狂想曲 / Bohemian Rhapsody,5,2019/3/24,删减版的电影都能使我流泪,2018/11/2,美国,https://movie.douban.com/subject/5300054/,p2364206200.webp
角斗士 / Gladiator,5,2019/3/16,"一连串的政变看的我心惊胆战
看完后发现华金菲尼克斯演的罗马暴君和Her里面的Theodore有很多相似之处，比如说：都遭到了周围人们的抛弃，尤其是女朋友",2000/5/5,美国,https://movie.douban.com/subject/1293530/,p2366032565.webp
绿皮书 / Green Book,3,2019/3/2,,2018/9/11,多伦多电影节,https://movie.douban.com/subject/27060077/,p2368783674.webp
降临 / Arrival,4,2019/2/16,纵使我知道我终将粉身碎骨，但我依旧拥抱每一份悲伤,2016/9/1,威尼斯电影节,https://movie.douban.com/subject/21324900/,p2372307693.webp
网络谜踪 / Searching,5,2019/2/13,题材非常新颖，本以为是一部随大流抨击网络的电影，没想到也展示了互联网有利的一面，就连播放方式都标新立异：全程屏幕播放。(1 有用),2018/1/21,圣丹斯电影节,https://movie.douban.com/subject/27615441/,p2376308621.webp
楚门的世界 / The Truman Show,5,2019/2/13,只能说，导演完美预见了20年后的一部分,1998/6/5,美国,https://movie.douban.com/subject/1292064/,p2377455123.webp
血战钢锯岭 / Hacksaw Ridge,5,2019/2/12,真正的战争片不在于场面多宏大壮烈，而在于精神输出,2016/9/4,威尼斯电影节,https://movie.douban.com/subject/26325320/,p2396868707.webp
黑客帝国2：重装上阵 / The Matrix Reloaded,4,2019/2/9,,2003/5/7,韦斯特伍德首映,https://movie.douban.com/subject/1304141/,p2396871198.webp
窃听风暴 / Das Leben der Anderen,5,2019/2/7,无关政治的反乌托邦神作,2006/3/23,德国,https://movie.douban.com/subject/1900841/,p2398141939.webp
流浪地球,3,2019/2/6,,2019/2/5,中国大陆,https://movie.douban.com/subject/26266893/,p2398173791.webp
里约大冒险 / Rio,5,2019/2/6,,2011/4/8,中国大陆,https://movie.douban.com/subject/3731581/,p2399215062.webp
里约大冒险2 / Rio 2,4,2019/2/6,,2014/4/11,中国大陆,https://movie.douban.com/subject/11443314/,p2403049086.webp
少年斯派维的奇异旅行 / The Young and Prodigious T.S. Spivet,5,2019/2/4,这部电影真美,2013/10/16,法国,https://movie.douban.com/subject/6985803/,p2403347953.webp
斯诺登 / Snowden,2,2019/2/3,,2016/9/9,多伦多电影节,https://movie.douban.com/subject/25900819/,p2405149163.webp
华盛顿邮报 / The Post,4,2019/2/1,本片的主旋律都建立在对尼克松的黑化上，虽然他确实是美国人眼中最不靠谱的总统...,2017/12/22,美国点映,https://movie.douban.com/subject/26990609/,p2410576676.webp
鳄鱼波鞋走天涯 / The Cure,5,2019/1/31,童话般的悲剧,,,https://movie.douban.com/subject/1301811/,p2411622421.webp
脱欧：无理之战 / Brexit: The Uncivil War,5,2019/1/28,1.名字取得非常好，十分契合主题 2.BC真的很适合演这种高智商开挂型人设 3.节奏太快，脑子不好使 4.充分展现了普通民众对政治的一无所知,2019/1/7,英国,https://movie.douban.com/subject/30223840/,p2412027382.webp
美丽人生 / La vita è bella,5,2019/1/12,美丽的世界里，无论是王子还是父亲，都很美丽,1997/12/20,意大利,https://movie.douban.com/subject/1292063/,p2421855655.webp
完美的世界 / A Perfect World,5,2019/1/1,怎么看我都是斯德哥尔摩综合症重症患者啊,1993/11/24,美国,https://movie.douban.com/subject/1300992/,p2422911035.webp
普罗旺斯的夏天 / Avis de mistral,5,2019/1/1,地中海式的浪漫,2014/4/2,法国,https://movie.douban.com/subject/25858604/,p2441983450.webp
太阳帝国 / Empire of the Sun,4,2019/1/1,对于一个熟读历史的中国人来说可能不是特别喜欢，但还是羡慕Jimmy和日本男孩那种跨越国家和种族的友谊,1987/12/25,美国,https://movie.douban.com/subject/1299811/,p2452537144.webp
阿甘正传 / Forrest Gump,5,2018/12/31,,1994/6/23,洛杉矶首映,https://movie.douban.com/subject/1292720/,p2453170279.webp
穿条纹睡衣的男孩 / The Boy in the Striped Pajamas,5,2018/12/31,Asa宛如湖水透明澄澈的蓝眼睛估计最适合这种人性片吧,2008/8/28,卡内基电影节,https://movie.douban.com/subject/3008247/,p2455050536.webp
海阔天空 / Radio Flyer,5,2018/12/30,其实从“去到一个遥远的地方”“我怀念他的方式”“历史存在于讲述者的脑海里”就已经猜到Bobby不是去环游世界，而是去自杀的，以至于当我看到兄弟俩相拥而泣的时候真的是哭惨了，况且电影最后留了一串ChildHelp热线就说明这部电影是伦理片，不是童话故事，明面上没有给你一个悲惨的结局已经很好了.,,,https://movie.douban.com/subject/1293157/,p2461261129.webp
想飞的钢琴少年 / Vitus,5,2018/12/16,,2006/2/2,瑞士,https://movie.douban.com/subject/1900840/,p2466169134.webp
上帝之国 / God's Own Country,5,2018/12/16,,2017/1/23,圣丹斯电影节,https://movie.douban.com/subject/26781703/,p2476693368.webp
地心引力 / Gravity,3,2018/12/15,,2013/8/28,威尼斯电影节,https://movie.douban.com/subject/3793783/,p2492804476.webp
月球 / Moon,5,2018/12/15,我是那个晚上最孤独的人,2009/7/10,美国,https://movie.douban.com/subject/3073124/,p2494950714.webp
神探夏洛克 第一季 / Sherlock Season 1,5,2018/12/15,,2010/7/25,英国,https://movie.douban.com/subject/3986493/,p2496064819.webp
神探夏洛克  第二季 / Sherlock Season 2,5,2018/12/15,,2012/1/1,英国,https://movie.douban.com/subject/6522269/,p2497202923.webp
神探夏洛克 第三季 / Sherlock Season 3,5,2018/12/15,,2014/1/1,英国,https://movie.douban.com/subject/10455629/,p2498971355.webp
神探夏洛克 第四季 / Sherlock Season 4,5,2018/12/15,,2017/1/1,英国,https://movie.douban.com/subject/25750923/,p2500865872.webp
神探夏洛克：可恶的新娘 / Sherlock: The Abominable Bride,5,2018/12/15,,2016/1/1,英国,https://movie.douban.com/subject/25920885/,p2502853643.webp
福尔摩斯先生 / Mr. Holmes,4,2018/12/15,,2015/2/8,柏林电影节,https://movie.douban.com/subject/25727048/,p2502943384.webp
移动迷宫 / The Maze Runner,3,2018/12/15,,2014/9/19,美国,https://movie.douban.com/subject/21349345/,p2504277551.webp
移动迷宫2 / Maze Runner: The Scorch Trials,2,2018/12/15,,2015/9/18,美国,https://movie.douban.com/subject/25995508/,p2504296794.webp
猩球崛起 / Rise of the Planet of the Apes,4,2018/12/15,,2011/8/5,美国,https://movie.douban.com/subject/3274505/,p2505426431.webp
环太平洋 / Pacific Rim,4,2018/12/15,,2013/7/12,美国,https://movie.douban.com/subject/5323968/,p2505525050.webp
复仇者联盟2：奥创纪元 / Avengers: Age of Ultron,4,2018/12/15,,2015/5/1,美国,https://movie.douban.com/subject/10741834/,p2505577378.webp
复仇者联盟3：无限战争 / Avengers: Infinity War,4,2018/12/15,,2018/4/23,加州首映,https://movie.douban.com/subject/24773958/,p2506694509.webp
黑豹 / Black Panther,2,2018/12/15,,2018/2/16,美国,https://movie.douban.com/subject/6390825/,p2506935748.webp
奇异博士 / Doctor Strange,5,2018/12/15,,2016/10/25,英国,https://movie.douban.com/subject/3025375/,p2507709428.webp
美国队长2 / Captain America: The Winter Soldier,4,2018/12/15,,2014/3/13,加州首映,https://movie.douban.com/subject/6390823/,p2507719850.webp
蚁人 / Ant-Man,4,2018/12/15,,2015/7/17,美国,https://movie.douban.com/subject/1866473/,p2510209986.webp
钢铁侠3 / Iron Man 3,4,2018/12/15,,2013/4/18,伦敦首映,https://movie.douban.com/subject/3231742/,p2512123434.webp
我是传奇 / I Am Legend,4,2018/12/15,,2007/12/14,美国,https://movie.douban.com/subject/1820156/,p2515106386.webp
"我，机器人 / I, Robot",4,2018/12/15,,2004/7/16,美国,https://movie.douban.com/subject/1308843/,p2516481762.webp
黑客帝国 / The Matrix,5,2018/12/15,哲学电影之最,1999/3/31,美国,https://movie.douban.com/subject/1291843/,p2516578307.webp
人工智能 / A.I. Artificial Intelligence,4,2018/12/15,,2001/6/29,美国,https://movie.douban.com/subject/1302827/,p2518439812.webp
星际迷航 / Star Trek,4,2018/12/15,,2009/5/8,美国,https://movie.douban.com/subject/2132932/,p2522331945.webp
星球大战外传：侠盗一号 / Rogue One: A Star Wars Story,4,2018/12/15,,2016/12/16,美国,https://movie.douban.com/subject/25894431/,p2523592367.webp
星球大战7：原力觉醒 / Star Wars: The Force Awakens,4,2018/12/15,,2015/12/18,美国,https://movie.douban.com/subject/20326665/,p2530599636.webp
星球大战3：绝地归来 / Star Wars: Episode VI - Return of the Jedi,4,2018/12/15,,1983/5/25,美国,https://movie.douban.com/subject/1297151/,p2531065411.webp
星球大战2：帝国反击战 / Star Wars: Episode V - The Empire Stri...,4,2018/12/15,,1980/5/21,美国,https://movie.douban.com/subject/1296528/,p2533371004.webp
星球大战 / Star Wars,4,2018/12/15,,1977/5/25,美国,https://movie.douban.com/subject/1293838/,p2534004692.webp
星球大战前传2：克隆人的进攻 / Star Wars: Episode II - Attack o...,4,2018/12/15,,2002/5/16,美国,https://movie.douban.com/subject/1297785/,p2535085957.webp
星球大战前传1：幽灵的威胁 / Star Wars: Episode I - The Phantom...,4,2018/12/15,,1999/5/19,美国,https://movie.douban.com/subject/1294362/,p2537733205.webp
星球大战前传3：西斯的反击 / Star Wars: Episode III - Revenge o...,4,2018/12/15,,2005/5/19,美国,https://movie.douban.com/subject/1309078/,p2541280047.webp
梦醒之前 / Before I Wake,4,2018/12/15,,2016/4/8,英国,https://movie.douban.com/subject/25833913/,p2542848758.webp
亨利之书 / The Book of Henry,4,2018/12/15,,2017/6/16,美国,https://movie.douban.com/subject/26357441/,p2544474921.webp
四处散落的碎片 / Fugitive Pieces,5,2018/12/15,,2007/9/6,多伦多电影节,https://movie.douban.com/subject/2266464/,p2545020183.webp
肖申克的救赎 / The Shawshank Redemption,5,2018/12/15,,1994/9/10,多伦多电影节,https://movie.douban.com/subject/1292052/,p2545472803.webp
忠犬八公的故事 / Hachi: A Dog's Tale,5,2018/12/15,,2009/6/13,西雅图电影节,https://movie.douban.com/subject/3011091/,p2548181591.webp
盗梦空间 / Inception,5,2018/12/15,,2010/7/16,美国,https://movie.douban.com/subject/3541415/,p2549558913.webp
机器人总动员 / WALL·E,4,2018/12/15,,2008/6/27,美国,https://movie.douban.com/subject/2131459/,p2549648344.webp
放牛班的春天 / Les choristes,5,2018/12/15,,2004/3/17,法国,https://movie.douban.com/subject/1291549/,p2550789013.webp
怦然心动 / Flipped,4,2018/12/15,,2010/7/26,好莱坞首映,https://movie.douban.com/subject/3319755/,p2552999374.webp
V字仇杀队 / V for Vendetta,5,2018/12/15,,2005/12/11,BNAT电影节,https://movie.douban.com/subject/1309046/,p2553281898.webp
美国往事 / Once Upon a Time in America,5,2018/12/15,,1984/2/17,波士顿首映,https://movie.douban.com/subject/1292262/,p2553756806.webp
断背山 / Brokeback Mountain,5,2018/12/15,,2005/9/2,威尼斯电影节,https://movie.douban.com/subject/1418834/,p2554538282.webp
神偷奶爸 / Despicable Me,4,2018/12/15,,2010/6/20,莫斯科电影节,https://movie.douban.com/subject/3287562/,p2555295759.webp
西班牙城堡 / Un château en Espagne,5,2018/12/15,,,,https://movie.douban.com/subject/1929444/,p2555445285.webp
两小无猜 / Jeux d'enfants,4,2018/12/15,,2003/9/17,法国,https://movie.douban.com/subject/1308817/,p2557622277.webp
特殊的友情 / Les amitiés particulières,5,2018/12/15,,,,https://movie.douban.com/subject/1866433/,p2557870269.webp
怪奇物语 第一季 / Stranger Things Season 1,5,2018/12/15,,2016/7/15,美国,https://movie.douban.com/subject/26359270/,p2559504518.webp
怪奇物语 第二季 / Stranger Things Season 2,4,2018/12/15,,2017/10/27,美国,https://movie.douban.com/subject/26844438/,p2559974952.webp
超新约全书 / Le tout nouveau testament,4,2018/12/15,,2015/5/17,戛纳电影节,https://movie.douban.com/subject/25958704/,p2560717825.webp
美国队长3 / Captain America: Civil War,4,2018/12/15,,2016/4/12,加州首映,https://movie.douban.com/subject/25820460/,p2561280018.webp
星际迷航3：超越星辰 / Star Trek Beyond,4,2018/12/15,,2016/7/22,美国,https://movie.douban.com/subject/22939161/,p2561305376.webp
佩小姐的奇幻城堡 / Miss Peregrine's Home for Peculiar Children,4,2018/12/15,,2016/9/30,美国,https://movie.douban.com/subject/7051830/,p2561439800.webp
X战警：天启 / X-Men: Apocalypse,4,2018/12/15,,2016/5/9,伦敦首映,https://movie.douban.com/subject/25786060/,p2561716440.webp
X战警：第一战 / X-Men: First Class,4,2018/12/15,,2011/5/25,纽约首映,https://movie.douban.com/subject/3168089/,p2562676631.webp
X战警：逆转未来 / X-Men: Days of Future Past,4,2018/12/15,,2014/5/23,美国,https://movie.douban.com/subject/10485647/,p2563780504.webp
了不起的盖茨比 / The Great Gatsby,5,2018/12/15,,2013/5/1,纽约首映,https://movie.douban.com/subject/3364223/,p2566870171.webp
小王子 / Le Petit Prince,5,2018/12/15,,2015/5/22,戛纳电影节,https://movie.douban.com/subject/20645098/,p2568902055.webp
127小时 / 127 Hours,4,2018/12/15,,2010/11/5,美国,https://movie.douban.com/subject/4164444/,p2569450232.webp
荒岛余生 / Cast Away,3,2018/12/15,,2000/12/22,美国,https://movie.douban.com/subject/1298653/,p2571694925.webp
铁甲钢拳 / Real Steel,5,2018/12/15,,2011/9/6,巴黎首映,https://movie.douban.com/subject/1972729/,p2574172427.webp
冰雪奇缘 / Frozen,5,2018/12/15,,2013/11/27,美国,https://movie.douban.com/subject/4202982/,p2574551676.webp
复仇者联盟 / The Avengers,3,2018/12/15,,2012/5/4,美国,https://movie.douban.com/subject/1866479/,p2575465690.webp
钢铁侠 / Iron Man,5,2018/12/15,,2008/4/14,悉尼首映,https://movie.douban.com/subject/1432146/,p2578474613.webp
星际迷航2：暗黑无界 / Star Trek Into Darkness,4,2018/12/15,,2013/5/16,美国,https://movie.douban.com/subject/3642843/,p2578705064.webp
金蝉脱壳 / Escape Plan,5,2018/12/15,,2013/10/18,美国,https://movie.douban.com/subject/3025447/,p2580934085.webp
房间 / Room,5,2018/12/2,,2015/9/4,特柳赖德电影节,https://movie.douban.com/subject/25724855/,p2586729373.webp
萨利机长 / Sully,4,2018/12/2,节奏稍微有点慢,2016/9/9,美国,https://movie.douban.com/subject/26416603/,p2587099240.webp
"三块广告牌 / Three Billboards Outside Ebbing, Missouri",4,2018/12/2,,2017/9/4,威尼斯电影节,https://movie.douban.com/subject/26611804/,p2587146023.webp
头号玩家 / Ready Player One,5,2018/12/2,,2018/3/11,西南偏南电影节,https://movie.douban.com/subject/4920389/,p2588388876.webp
达拉斯买家俱乐部 / Dallas Buyers Club,5,2018/12/2,,2013/9/7,多伦多电影节,https://movie.douban.com/subject/1793929/,p2593729173.webp
聚焦 / Spotlight,5,2018/12/2,,2015/9/3,威尼斯电影节,https://movie.douban.com/subject/25954475/,p2595591069.webp
模仿游戏 / The Imitation Game,5,2018/12/2,,2014/8/29,特柳赖德电影节,https://movie.douban.com/subject/10463953/,p2600469202.webp
史蒂夫·乔布斯 / Steve Jobs,4,2018/12/2,,2015/10/23,美国,https://movie.douban.com/subject/25850443/,p2604889017.webp
星际穿越 / Interstellar,5,2018/12/2,,2014/11/7,美国,https://movie.douban.com/subject/1889243/,p2607141792.webp
火星救援 / The Martian,3,2018/12/2,,2015/10/2,美国,https://movie.douban.com/subject/25864085/,p2612061299.webp
安德的游戏 / Ender's Game,4,2018/12/2,,2013/10/24,德国,https://movie.douban.com/subject/5323957/,p2614949805.webp
明日世界 / Tomorrowland,4,2018/12/2,,2015/5/22,美国,https://movie.douban.com/subject/6873042/,p2614988097.webp
至暗时刻 / Darkest Hour,4,2018/12/2,,2017/9/1,特柳赖德电影节,https://movie.douban.com/subject/26761416/,p2620392435.webp
请以你的名字呼唤我 / Call Me by Your Name,5,2018/12/2,,2017/1/22,圣丹斯电影节,https://movie.douban.com/subject/26799731/,p2621201524.webp
敦刻尔克 / Dunkirk,4,2018/12/2,,2017/7/13,伦敦首映,https://movie.douban.com/subject/26607693/,p2629056068.webp
星球大战8：最后的绝地武士 / Star Wars: The Last Jedi,3,2018/12/2,,2017/12/15,美国,https://movie.douban.com/subject/22265634/,p2797313535.webp
奇迹男孩 / Wonder,5,2018/12/2,,2017/11/17,美国,https://movie.douban.com/subject/26787574/,p2884280708.webp
少年时代 / Boyhood,5,2018/12/2,,2014/1/19,圣丹斯电影节,https://movie.douban.com/subject/2209575/,p2892061223.webp
"爱你，西蒙 / Love, Simon",5,2018/12/2,,2018/3/16,美国,https://movie.douban.com/subject/26654498/,p2892409201.webp
每分钟120击 / 120 battements par minute,5,2018/12/2,,2017/5/20,戛纳电影节,https://movie.douban.com/subject/26746559/,